a,b,a_centered,b_centered,a_scaled,b_scaled,PC1,PC2
0.16947811236605048,2.2817986460475974,-1.7822930368129164,-0.18868524789919583,-1.0001432740254417,-0.2274102758391316,-0.8680114393788585,0.5464047430641522
0.34680457902140915,1.1399007831428922,-1.6049665701575577,-1.330583110803901,-0.9006355784507605,-1.6036668241094356,-1.770809210992078,-0.4971181611912745
0.8467406162526459,2.285464304065011,-1.105030532926321,-0.18501958988178213,-0.6200937961780405,-0.22299229239764218,-0.5961518903559074,0.2807931661424952
0.8939250209368765,1.968710217301028,-1.0578461282420903,-0.5017736766457652,-0.593616015022471,-0.6047557585200862,-0.847376807454492,-0.00787698816784238
1.3469093816820532,2.2246361344140526,-0.6048617674969137,-0.24584775953274063,-0.33942141723167096,-0.2963045994970512,-0.449526177405592,0.030488194203334124
3.208326827734709,2.636389582287075,1.256555678555742,0.16590568834028163,0.7051229424052994,0.1999555278900277,0.6399871238517729,-0.35720730443822424
4.088875993620604,3.4994023753236267,2.1371048444416374,1.0289184813768335,1.1992478183484319,1.2400897169814373,1.72487211283463,0.02887958347993147
4.713108661817387,3.7275691089930625,2.76133751263842,1.2570852150462692,1.5495393201546532,1.5150845054918813,2.1670162889005242,-0.024363233092571823
