a,b,a_centered,b_centered,a_scaled,b_scaled,PC1,PC2
0.34680457902140915,-0.858920265322779,-1.6049665701575577,-2.0191795935447785,-0.9006355784507605,-1.8820119385624141,-1.9676289289319246,-0.693937879131121
4.088875993620604,2.363254353199012,2.1371048444416374,1.2029950249770123,1.1992478183484319,1.1212727219886682,1.6408558099550348,-0.0551367193996638
4.713108661817387,2.5698947532591703,2.76133751263842,1.4096354250371708,1.5495393201546532,1.3138755499618835,2.0247400720098003,-0.16663944998329605
1.3469093816820532,0.9105085161552837,-0.6048617674969137,-0.2497508120667158,-0.33942141723167096,-0.2327846475261009,-0.4046107886262892,0.07540358298263689
0.8467406162526459,1.2322323616289639,-1.105030532926321,0.07197303340696437,-0.6200937961780405,0.06708373468090643,-0.39103716454901305,0.4859078919493895
0.16947811236605048,1.4958060471487746,-1.7822930368129164,0.3355467189267751,-1.0001432740254417,0.3127522351080223,-0.48605886494537304,0.9283573174976374
0.8939250209368765,0.5798504262273052,-1.0578461282420903,-0.5804089019946943,-0.593616015022471,-0.5409803497886294,-0.802280783467535,0.03721903581911451
3.208326827734709,0.9894484334802662,1.256555678555742,-0.17081089474173328,0.7051229424052994,-0.15920730586233553,0.3860206485553002,-0.6111737797346969
